energy,sample,available_events,scanned_events,scifi_selected_events,selected_events,selection_efficiency,mean_total_us_qdc,median_total_us_qdc,std_total_us_qdc,cutflow_all,cutflow_US1,cutflow_US2,cutflow_US3,cutflow_US1_US2,cutflow_US1_US3,cutflow_US2_US3,cutflow_US1_US2_US3
100GeV,Birks MC,10000,10000,7300,7204,0.7204,7157.983100868104,6641.784205872682,3844.361554768526,7300,7299,7273,7209,7273,7209,7204,7204
100GeV,No-Birks MC,20000,20000,14457,12718,0.6359,8923.069674404238,8311.535260688514,4418.967282357006,14457,14454,14151,12766,14150,12766,12718,12718
100GeV,Data,12034781,12034781,636551,434482,0.036102194132157456,4717.5186127753395,4582.990014987066,2033.3912458034458,636551,617268,557579,456736,552789,452409,437775,434482
300GeV,Birks MC,10000,10000,7500,7481,0.7481,25204.158010142866,23899.600935146213,11447.679003041849,7500,7500,7495,7483,7495,7483,7481,7481
300GeV,No-Birks MC,16000,16000,11926,11796,0.73725,29563.3029295047,28392.443797253072,13097.128750001348,11926,11926,11900,11797,11900,11797,11796,11796
300GeV,Data,58000000,58000000,2005414,1889398,0.0325758275862069,10932.459373552269,10964.140010729432,3705.2792678656765,2005414,1992550,1966443,1902438,1962741,1897492,1892266,1889398
