energy,sample,available_events,scanned_events,selected_events,selection_efficiency,mean_total_us_qdc,median_total_us_qdc,std_total_us_qdc
100GeV,Birks MC,10000,101,100,0.9900990099009901,9725.521187468004,8674.587244272621,5367.6927857365745
100GeV,No-Birks MC,20000,111,100,0.9009009009009009,13139.686393919299,11462.553100794554,7072.661753895774
100GeV,Data,12034781,9799,100,0.01020512297173181,3971.2348010086826,4203.079997653142,3152.958919424356
300GeV,Birks MC,10000,100,100,1.0,32436.989518085662,30297.511720597744,16355.796121382624
300GeV,No-Birks MC,16000,100,100,1.0,37791.16744373573,34879.06038566306,17555.786760320047
300GeV,Data,58000000,2040,100,0.049019607843137254,10354.82299760176,11440.884994417429,5409.366677060126
